S.No.,Passage,Summary,Question,Language
1.0,المسألة الشرقية (بالإنجليزية: Eastern Question) (بالفرنسية: Question de l'orient) : هي مسألة وجود العثمانيين المسلمين في أوروبا وطردهم منها واستعادة القسطنطينية من العثمانيين بعد سقوطها في 1453 وتهديد مصالح الدول الأوروبية في هذه المنطقة. كما يدل المصطلح على تصفية أملاك رجل أوروبا المريض في البلقان من طرف الدول الأوروبية.,,ما هي المسألة الشرقية ؟,Arabic
2.0,"وحسب الرئيس الامريكي السابق جورج دبليو بوش ورئيس الوزراء البريطاني توني بلير مهمة التحالف \""تجريد العراق من اسلحة الدمار الشامل, ووضع حد للدعم الذي يقدمه صدام حسين إلى الارهاب وتحرير الشعب العراقى\"".",,من رئيس الولايات المتحدة الأميريكية الذي غزى العراق؟,Arabic
3.0,معركة المنصورة، معركة دارت رحاها في مصر من 8 إلى 11 فبراير من سنة 1250 بين القوات الصليبية (الفرنج) بقيادة لويس التاسع ملك فرنسا، الذي عُرف بالقديس لويس فيما بعد، والقوات الأيوبية بقيادة الأمير فخر الدين يوسف بن شيخ الشيوخ. وفارس الدين أقطاي الجمدار وركن الدين بيبرس البندقداري.,وقعت معركة المنصورة في مصر عام 1250 بين القوات الصليبية بقيادة لويس التاسع ملك فرنسا والقوات الأيوبية بقيادة الأمير فخر الدين يوسف بن شيخ الشيوخ.,أين وقعت معركة المنصورة؟,Arabic
4.0,نهر سان لوران أو سانت لورنس أو و بلغة الهنود الحمر القاطنين في المنطقة Magtogoek (« نهر المياه الكبرى ») هو نهر يقع في أمريكا الشمالية. ينبع من بحيرة أونتاريو ويصب في المحيط الأطلسي. تمت تسميته على شرف لورانت دي روما و هو أحد أهم أنهار أمريكا الشمالية و ثاني أطول نهر في كندا لا يفوقه طولا سوى نهر ماكينزي .,نهر سانت لورانس يقع في أمريكا الشمالية، ينبع من بحيرة أونتاريو ويصب في المحيط الأطلسي.,أين يقع نهر سانت لورانس؟,Arabic
5.0,تأسست AED في عام 1961 من قبل ألفين سي إيرك وسيدني تاكتون. تركز أصلا على تقديم المساعدة التقنية ذات الصلة لإدارة التعليم العالي في الولايات المتحدة، وسعت AED في تكنولوجيا التعليم، وإصلاح التعليم، ودعم المجتمع المدني في الولايات المتحدة وحول العالم. كما تركز AED على تعزيز الصحة في البلدان النامية عن طريق الاتصال البيئي، والتسويق الاجتماعي وغيرها من التخصصات. تعمل AED حاليا في جميع أنحاء الولايات المتحدة وفي 167 دولة. AED تعمل حاليا على أكثر من 250 برنامج لمساعدة الناس على تحسين حياتهم من خلال تحسين التعليم والصحة والفرص الاقتصادية.,أنشأت أكاديمية التنمية التعليمية (AED) في عام 1961 من قبل ألفين سي إيرك وسيدني تاكتون.,متى تأسست أكاديمية التنمية التعليمية؟,Arabic
,,,,
1.0,"आठवीं सदी में सिन्ध पर अरबों का अधिकार हो गया। यह इस्लाम का प्रवेश माना जाता है। बारहवीं सदी के अन्त तक दिल्ली की गद्दी पर तुर्क दासों का शासन आ गया जिन्होंने अगले कई सालों तक राज किया। दक्षिण में हिन्दू विजयनगर और गोलकुण्डा के राज्य थे। 1556 में विजय नगर का पतन हो गया। सन् 1526 में मध्य एशिया से निर्वासित राजकुमार बाबर ने काबुल में पनाह ली और भारत पर आक्रमण किया। उसने मुग़ल वंश की स्थापना की जो अगले 300 वर्षों तक चला। इसी समय दक्षिण-पूर्वी तट से पुर्तगाल का समुद्री व्यापार शुरु हो गया था। बाबर का पोता अकबर धार्मिक सहिष्णुता के लिए विख्यात हुआ। उसने हिन्दुओं पर से जज़िया कर हटा लिया। 1659 में औरंगज़ेब ने इसे फिर से लागू कर दिया। औरंगज़ेब ने कश्मीर में तथा अन्य स्थानों पर हिन्दुओं को बलात मुसलमान बनवाया। उसी समय केन्द्रीय और दक्षिण भारत में शिवाजी के नेतृत्व में मराठे शक्तिशाली हो रहे थे। औरंगज़ेब ने दक्षिण की ओर ध्यान लगाया तो उत्तर में सिखों का उदय हो गया। औरंगज़ेब के मरते ही (1707) मुगल साम्राज्य बिखर गया। अंग्रेज़ों ने डचों, पुर्तगालियों तथा फ्रांसिसियों को भगाकर भारत पर व्यापार का अधिकार सुनिश्चित किया और 1857 के एक विद्रोह को कुचलने के बाद सत्ता पर काबिज हो गए। भारत को आज़ादी 1947 में मिली जिसमें महात्मा गांधी के अहिंसा आधारित आन्दोलन का योगदान महत्वपूर्ण था। 1947 के बाद से भारत में गणतान्त्रिक शासन लागू है। आज़ादी के समय ही भारत का विभाजन हुआ जिससे पाकिस्तान का जन्म हुआ और दोनों देशों में कश्मीर सहित अन्य मुद्दों पर तनाव बना हुआ है।",,भारत किस वर्ष में आज़ाद हुआ था ?,Hindi
2.0,"देवदास गांधी (१९०० - १९५७) महात्मा गांधी के चौथे एवं सबसे छोटे पुत्र थे। श्री देवदास गांधी का जन्म दक्षिण अफ्रीका में हुआ था एवं वे अपने परिवार के साथ एक युवा के रूप में भारत वापस आए। अपने पिता द्वारा किए जानेवाले कार्यों में उनकी सक्रिय भागीदारी थी एव उन्हें अंग्रेजी सरकार द्वारा कई बार कारावास की सजा भी हुई। श्री गांधी एक प्रमुख पत्रकार के रूप में जाने जाते थे एवं वे भारत से निकलने वाली अंग्रेजी अखबार हिंदुस्तान टाईम्स के संपादक पद पर भी कई वर्षों तक रहे। श्री गांधी का प्रेम विवाह १९३३ में गांधी जी के सहयोगी एवं प्रमुख स्वतंत्रता सेनानी राजाजी (चक्रवर्ती राजगोपालाचारी) की सुपुत्री लक्षमी से हुआ। उनकी चार संताने (तीन पुत्र एवं एक पुत्री) हुईं - राजमोहन, गोपालकृष्ण, रामचंद्र एवं तारा।",महात्मा गांधी के चार पुत्र थे। उनमें से देवदास गांधी सबसे छोटे थे। वे एक पत्रकार और स्वतंत्रता सेनानी थे। उन्होंने हिंदुस्तान टाइम्स के संपादक के रूप में भी काम किया। उनका प्रेम विवाह राजाजी की बेटी लक्ष्मी से हुआ था। उनकी चार संताने थीं।,महात्मा गांधी के कितने पुत्र थे ?,Hindi
3.0,"पेंगुइन में तापरोधी पंखों की मोटी परत होती है जो उन्हें पानी में गरम रखती है (हवा की तुलना में पानी में गर्मी तेज़ी से कम होती है). एम्परर पेंगुइन (सबसे बड़े पेंगुइन) सभी पेंगुइन में सबसे विशालकाय होते हैं, जो कि सापेक्ष सतह क्षेत्र और गर्मी में कमी को और घटाता है। वे अपने हाथ पैरों का रक्त प्रवाह नियंत्रित करने में भी सक्षम हैं, जिससे ठंडा होने वाले रक्त की मात्रा कम हो जाती है, लेकिन फिर भी हाथ व पैर ठंड में जमने से बच जाते हैं। अंटार्कटिक सर्दियों की अत्याधिक ठंड में, नरों को मौसम का स्वयं मुकाबला करने के लिए छोड़ कर, मादाएं समुद्र में भोजन तलाशती हैं। वे अक्सर गर्म होने के लिए झुण्ड में इकट्ठे होते हैं और यह सुनिश्चित करने के लिए जगह बदलते रहते हैं कि प्रत्येक पेंगुइन को गर्माहट की बीच वाली जगह मिले.","पेंगुइन्स ठंडी जगह पर इसलिए रहते हैं क्योंकि वे अपने शरीर को गर्म रखने के लिए कई तरह के अनुकूलन विकसित कर चुके हैं। जैसे, वे मोटे तापरोधी पंखों से ढके होते हैं, वे अपने हाथ-पैर का रक्त प्रवाह नियंत्रित कर सकते हैं, और वे झुंड में रहकर गर्म रह सकते हैं।",पेंगुइन्स ठंडी जगह पर क्यों रहते है ?,Hindi
4.0,"बिल गेट्स (विलियम हेनरी गेट्स III; अंग्रेजी:Bill Gates) माइक्रोसॉफ्ट नामक कम्पनी के सह संस्थापक तथा अध्यक्ष है। इनका जन्म 28 अक्टूबर, 1955 को वाशिंगटन के एक उच्च-मध्यम वर्गीय परिवार में हुआ। इनके पिता का नाम विलियम एच. गेट्स तथा माता का नाम मेरी मैक्सवैल था। पिता एक प्रतिष्ठित वकील तथा माता एक बैंक के व्यवस्थापक मंडल की सदस्य थीं।","बिल गेट्स का जन्म 28 अक्टूबर, 1955 को वाशिंगटन के एक उच्च-मध्यम वर्गीय परिवार में हुआ था।",बिल गेट्स का जन्म कोनसे वर्ष में हुआ?,Hindi
5.0,"आधुनिक काल में भारत में कई संगीत के प्रकार उपलब्ध है। दुनिया के पश्चिम भाग में प्रचलित पाँप, राँक, मेटल, आदि आज भारत की युवा में प्रसिद्ध है। लेकिन प्राचीन काल से आती हुई शास्त्रीय संगीत जिसे उत्तर भारत में हिन्दुस्तानी और दक्षिण भारत में कर्णाटिक संगीत कहते है आज भी लोकप्रिय है। आधुनिक कर्णाटक संगीत सभा को कच्चेरी कहते है। यह साधारण रूप से तीन घंटो तक चलता है। और कई गीत गाएँ जाते है। प्रत्येक कर्णाटिक गीत एक राग में बनाया जाता है। अतः एक गाना किसी भी गायक द्वारा एक ही तरह से गाया जाता है। हर एक रचना राग एवं ताल में पहले से ही लिख दिया जाता है जोकि बदला नहीं जा सकता। गायक की प्रतिभा से गाने को और सुधार कर सुरों को अलग अलग गाकर खूबसूरत बनाया जा सकता है। कच्चेरी वर्णम या एक शुरुवाती मुखडे से शुरू की जाती है। वर्णम में केवल सुर गाये जाते है। यह दर्शकों के सावधानी को खींचने के लिये गाया जाता है। वर्णम के बाद मुख्य संकीर्तन गाये जाते है। प्रत्येक कीर्तन से पहले उस के राग का आरोहण क्रम और अवरोहण क्रम गाया जाता है। विविध संगीत वाद्यों से राग को बार बार गायक बदल बदल कर एक नये अन्दाज में गाकर सुनाता है। इस के बाद राग के एक एक उपभाग को परखते हुए रागालापनम नाम की विधि गायक और संगीत वादक प्रदर्शित करते है। फिर गायक अपने अन्दाज में गाने की अनोखी विधि प्रदर्शित करते है। इस समय दर्शकों में से जिन लोगों को संगीत का पूर्वज्ञान हो, वे राग के सुरों का चयन कर आनन्द लेते है। ऐसे दर्शक रसिक कह लाते है। मुख्य कीर्तन के बाद संबन्धित छोटे और कम सुरो वाले गीत गाए जाते है। फिर दर्शको के अनुरोध पर कुछ छोटे गीत या मुखडे गाए जाते है। अंत में मङळम गाया जाता है। मंगळम के गाने के साथ कच्चेरी का समापन होता है।",,शास्त्रीय संगीत कैसे गाया जाता है ?,Hindi
,,,,
1.0,"ভেনিসা অ্যানা হাডজেন্স () (জন্ম: ডিসেম্বর ১৪, ১৯৮৮) একজন মার্কিন অভিনেত্রী এবং গায়িকা। তিনি বাজিয়ে অভিক্ষিপ্তাবস্থায় বেড়ে উঠেছেন। তিনি ডিজনি চ্যানেলের জন্যে বিভিন্ন চলচ্চিত্র এবং টেলিভিশন ধারাবাহিকে উপস্থিত হয়েছেন। ২০০৩ সালে পূর্ণদৈর্ঘ্য চলচ্চিত্র ""থার্টিন""-এর মাধ্যমে তার আত্মপ্রকাশ ঘটে। এটি একটি কিশোর নাট্য যেখানে হাডজেন্স একটি পার্শ্ব চরিত্রে অভিনয় করেন। ""হাই স্কুল মিউজিক্যাল"" ট্রিলজি মুক্তির পর তিনি মূলধারার সাফল্য অর্জন করেন, এবং সহ-অভিনেতা জাক এফরনের সঙ্গে তার সম্পর্ক ব্যাপকভাবে প্রচারিত হয়। ধারাবাহিকে উপস্থিতি তাকে পরিবারের নাম তৈরি করতে সাহায্য করেছে। চলচ্চিত্রের গান সবসময়ই বিশ্বব্যাপী তালিকাভুক্ত ছিলো। তার ""ব্রেকিং ফ্রি"" গান -এর সেরা ১০ তালিকায় অন্তর্ভুক্ত হয়। হাডজেন্সের আত্মপ্রকাশ অ্যালবাম ""ভি"" মুক্তি পায় সেপ্টেম্বর ২৬, ২০০৬ সালে, তালিকায় যার অবস্থান ছিলো ২৪ নম্বরে এবং পরবর্তীতে হয়। তার দ্বিতীয় অ্যালবাম, ""আইডেন্টফিাইড"", জুলাই ১, ২০০৮ সালে মার্কিন যুক্তরাষ্ট্রে মুক্তি পায়।","গায়িকা ভেনিসা অ্যানা হাডজেন্সের দ্বিতীয় অ্যালবামটির নাম হলো ""আইডেন্টফিাইড""। এটি ২০০৮ সালে মুক্তি পায়।",গায়িকা ভেনিসা অ্যানা হাডজেন্সের দ্বিতীয় অ্যালবামটির নাম কী ?,Bengali
2.0,"মোহনদাস করমচাঁদ গান্ধী ১৮৬৯ সালে পোরবন্দরের হিন্দু মোধ পরিবারে জন্মগ্রহণ করেন। তার পিতা করমচাঁদ গান্ধী ছিলেন পোরবন্দরের দেওয়ান (প্রধান মন্ত্রী)। মা পুতলিবা করমচাঁদের চতুর্থ স্ত্রী ছিলেন। পুতলিবা প্রনামী বৈষ্ণব গোষ্ঠীর ছিলেন। করমচাঁদের প্রথম দুই স্ত্রীর প্রত্যেকেই একটি করে কন্যা সন্তান জন্ম দিয়েছিলেন। অজানা কারণে তাদের মৃত্যু হয়েছিল (এরকম শোনা যায় যে সন্তান জন্ম দেবার সময়ে তারা মারা যান)। ধার্মিক মায়ের সাথে এবং গুজরাটের জৈন প্রভাবিত পরিবেশে থেকে গান্ধী ছোটবেলা থেকেই জীবের প্রতি অহিংসা, নিরামিষ ভোজন, আত্মশুদ্ধির জন্য উপবাসে থাকা, বিভিন্ন ধর্মাবলম্বী ও সম্প্রদায়ের পারস্পরিক সহিষ্ণুতা ইত্যাদি বিষয় শিখতে শুরু করেন। তিনি জন্মেছিলেন হিন্দু \""বৈশ্য\"" গোত্রে যা ছিল ব্যবসায়ী গোত্র।\n১৮৮৩ সালে মাত্র ১৩ বছর বয়সে মহাত্মা গান্ধী তার বাবা মায়ের পছন্দে কস্তুরবা মাখাঞ্জীকে (কাস্তুবাই নামেও পরিচিত ছিলেন) বিয়ে করেন। তাদের চার পুত্র সন্তান জন্মায় যাদের নাম হরিলাল গান্ধী, (জন্ম ১৮৮৮) মনিলাল গান্ধী, (জন্ম ১৮৯২) রামদাস গান্ধী (জন্ম ১৮৯৭) এবং দেবদাস গান্ধী (জন্ম ১৯০০) সালে। মহাত্মা গান্ধী তাঁর ছোটবেলায় পোরবন্দর ও রাজকোটের ছাত্রজীবনে মাঝারি মানের ছাত্র ছিলেন। কোন রকমে গুজরাটের ভবনগরের সামালদাস কলেজ থেকে ম্যাট্রিকুলেশন পরীক্ষায় উত্তীর্ণ হন। তিনি কলেজেও সুখী ছিলেন না কারণ তার পরিবারের ইচ্ছা ছিল তাকে ব্যারিস্টার করা।",মহাত্মা গান্ধী ভারতের পোরবন্দরে জন্মগ্রহণ করেন। তিনি হিন্দু মোধ পরিবারে জন্মগ্রহণ করেন। তার পিতা করমচাঁদ গান্ধী ছিলেন পোরবন্দরের দেওয়ান (প্রধান মন্ত্রী)। মা পুতলিবা করমচাঁদের চতুর্থ স্ত্রী ছিলেন।,মোহনদাস করমচাঁদ গান্ধী বা মহাত্মা গান্ধীর জন্ম ভারতবর্ষের কোথায় হয় ?,Bengali
3.0,মার্চের শুরুর দিকে পাকিস্তানি সাবমেরিন পি এন এস ম্যাংরো ফ্রান্সের তুলন সাবমেরিন ডকইয়ার্ডে যায় পাকিস্তানি সাবমেরিনারদের প্রশিক্ষন দেয়ার জন্য। সেই ৪১ জন সাবমেরিনারদের মধ্যে ১৩ জন ছিলেন বাঙালি অফিসার। তারা আন্তর্জাতিক প্রচার মাধ্যমে ২৫ মার্চের গণহত্যার কথা শুনে পালিয়ে বাংলাদেশে চলে আসার সিদ্ধান্ত নেন। এর মধ্যে ৮ জন ৩০ মার্চ বাংলাদেশের উদ্দেশ্যে রওনা দেয়। ৯ এপ্রিল ১৯৭১ তারা দিল্লিতে এসে পৌছান। এখানে তাদের নাম উল্লেখ করা হলোঃ-তারপর উক্ত ৮জনের সাথে আরো কয়েকজনকে একত্র করে ২০ জনের একটি গেরিলা দল গঠন করে তাদের ভারতে বিশেষ ট্রেনিং দেয়া হয়। তারপর তারা দেশে আসলে তাদের সাথে কর্নেল ওসমানীর দেখা করানো হয়। তখন ওসমানী নৌ-কমান্ডো বাহিনী গঠনের সিদ্ধান্ত নেন।,অপারেশন জ্যাকপটের কর্নেল ছিলেন কর্নেল ওসমানী। তিনি ছিলেন একজন বাঙালি অফিসার যিনি ২৫ মার্চের গণহত্যার কথা শুনে পালিয়ে বাংলাদেশে চলে আসার সিদ্ধান্ত নেন। তিনি ভারতে বিশেষ ট্রেনিং নেন এবং দেশে ফিরে এসে নৌ-কমান্ডো বাহিনী গঠন করেন।,অপারেশন জ্যাকপটের কর্নেল কে ছিলেন ?,Bengali
,,,,
1.0,"Rodrigo begann seine Karriere bei Red Bull Brasil. Im Juni 2017 stand er erstmals im Kader von Red Bull Brasil in der Série D, kam allerdings zu keinem Einsatz. Er kam hingegen neun Mal in der Staatsmeisterschaft von São Paulo zum Einsatz (ein Tor).""",Rodrigo begann seine Fußballkarriere bei Red Bull Brasil.,Wo hat Rodrigo seine Fußballkarriere begonnen?,German
2.0,"Österreich-Ungarn annektierte Bosnien und Herzegowina formell im Jahr 1908, wonach sich die Lage der Deutschen zu verschlechtern drohte. Einige der Einwanderer gingen zurück, andere zogen weiter, in Industriegebiete, nach Nordamerika, Brasilien oder nach Ostdeutschland. 1910 wurden in Bosnien 22.968 Menschen mit deutscher Muttersprache gezählt, von denen 8000 in etwa 20 mehrheitlich evangelisch geprägten Dörfern lebten. 5246 Personen mit deutscher Muttersprache hatten sich bis 1910 in Sarajevo niedergelassen, was etwa 10 Prozent der Bevölkerung der Stadt entsprach.","Nach der Annexion Bosniens und Herzegowinas durch Österreich-Ungarn im Jahr 1908 wanderten viele Deutsche aus dem Land aus. 1910 lebten noch 22.968 Menschen mit deutscher Muttersprache in Bosnien, davon 8000 in ländlichen Gebieten und 5246 in Sarajevo.",Wie viele Menschen mit deutscher Muttersprache wurden 1910 in Bosnien gezählt?,German
3.0,"Baden-Württemberg ( \""BW\""; amtlich Land Baden-Württemberg) ist ein Land im Südwesten von Deutschland. Gemäß seiner Verfassung hat es die Staatsform einer parlamentarischen Republik und ist ein teilsouveräner Gliedstaat der Bundesrepublik Deutschland. Er wurde 1952 durch Zusammenschluss der kurzlebigen Nachkriegsländer Württemberg-Baden, (Süd-)Baden und Württemberg-Hohenzollern gegründet und befindet sich somit in der Tradition der alten Länder Baden und Württemberg mit Einschluss der Hohenzollernschen Lande. Das Land ist naturräumlich geprägt von seinen Anteilen an der Oberrheinischen Tiefebene und Mittelgebirgen wie dem Schwarzwald, dem südwestdeutschen Schichtstufenland mit der Schwäbischen Alb und dem Alpenvorland nördlich des Bodensees. Sowohl nach Einwohnerzahl als auch bezüglich der Fläche steht Baden-Württemberg an dritter Stelle der deutschen Länder. Bevölkerungsreichste Stadt Baden-Württembergs ist die Landeshauptstadt Stuttgart, gefolgt von Mannheim und Karlsruhe. Weitere Großstädte sind Freiburg im Breisgau, Heidelberg, Heilbronn, Pforzheim, Reutlingen und Ulm.","Baden-Württemberg ist ein Land im Südwesten von Deutschland. Es ist das drittgrößte Land nach Einwohnerzahl und Fläche. Die Bevölkerungsreichste Stadt ist Stuttgart, gefolgt von Mannheim und Karlsruhe.",Welches Bundesland hat die höchste Einwohnerzahl in Baden-Württemberg?,German
,,,,
1.0,"Łęczna is a town in eastern Poland with 19,780 inhabitants (2014), situated in Lublin Voivodeship. It is the seat of Łęczna County and the smaller administrative district of Gmina Łęczna. The town is located in northeastern corner of historic province of Lesser Poland. Łęczna tops among the hills of the Lublin Upland, at the confluence of two rivers—the Wieprz, and the Świnka. On December 31, 2010, the population of the town was 20,706. Łęczna does not have a rail station, the town has been placed on a national Route 82 from Lublin to Włodawa. And shall be considered as a","Łęczna is a town in eastern Poland with 19,780 inhabitants. It is a hill located in the Lublin Upland, at the confluence of two rivers - Wieprz and Świnka. It is a road hub, and has no rail station.",Łęczna is located at the confluence of which two rivers in Poland?,English
2.0,"The µ-law algorithm (sometimes written ""mu-law"", often approximated as ""u-law"") is a companding algorithm, primarily used in 8-bit PCM digital telecommunication systems in North America and Japan. It is one of two versions of the G.711 standard from ITU-T, the other version being the similar A-law, used in regions where digital telecommunication signals are carried on E-1 circuits, e.g. Europe. Companding algorithms reduce the dynamic range of an audio signal. In analog systems, this can increase the signal-to-noise ratio (SNR) achieved during transmission; in the digital domain, it can reduce the quantization error (hence increasing signal to quantization noise ratio).","The µ-law algorithm is a companding algorithm, which is used to reduce the dynamic range of audio signals. In analog systems, this can increase the signal-to-noise ratio (SNR) achieved during transmission. ",How does the µ-law algorithm affect transmission in analog systems?,English
3.0,"Muscular activity accounts for much of the body's energy consumption. All muscle cells produce adenosine triphosphate (ATP) molecules which are used to power the movement of the myosin heads. Muscles have a short-term store of energy in the form of creatine phosphate which is generated from ATP and can regenerate ATP when needed with creatine kinase. Muscles also keep a storage form of glucose in the form of glycogen. Glycogen can be rapidly converted to glucose when energy is required for sustained, powerful contractions. Within the voluntary skeletal muscles, the glucose molecule can be metabolized anaerobically in a process called",All muscle cells produce adenosine triphosphate (ATP) molecules which are used to power the movement of the myosin heads. A short term store of energy in the form of creatine phosphate which is generated from ATP and can regenerate ATP when needed with creatine kinase.,How does muscle cells power the energy for the movement of myosin heads?,English
,,,,
1.0,"Elliott llegó a ganar cuatro premios Grammy y vendió 30 millones de discos en Estados Unidos. Es además la mujer rapera más vendidas en la historia de ""Nielsen"" Music, según ""Billboard"". En 2019, lanzó su primer extended play, titulado ""Iconology"", y en el mismo año se convirtió en la primera mujer rapera incluida en el Salón de la Fama de los Compositores. También recibió el premio en los MTV Video Music Awards por su impacto en el panorama de los vídeos musicales. En 2020, ""Billboard"" la situó en el número cinco de los 100 mejores artistas con vídeos musicales de todos los tiempos","La primera rapera en los Estados Unidos fue Missy Elliott. Ganó cuatro premios Grammy y vendió 30 millones de discos en Estados Unidos. Es además la mujer rapera más vendidas en la historia de ""Nielsen"" Music, según ""Billboard"".",¿Quién se la primera rapera en los Estados Unidos?,Spanish
2.0,"Las hojas compuestas están definidas mediante el número y arreglo de los folíolos. Una hoja pinadamente compuesta u hoja pinada, es la que tiene los folíolos dispuestos a lo largo de un eje llamado raquis. Si la hoja pinada tiene un folíolo terminal (y típicamente un número impar de folíolos) se llama hoja imparipinada. Si no tiene folíolo terminal (y típicamente tiene un número par de folíolos) se llama hoja paripinada. Una hoja bipinadamente compuesta, u hoja bipinada, es la que tiene dos órdenes de ejes, cada uno es pinado (equivalente a una hoja compuesta). El eje central de una hoja bipinada todavía se llama raquis, los ejes laterales que llevan los folíolos se llaman raquillas. Similarmente, una hoja compuesta con tres órdenes de ejes, cada uno pinado, se llama tripinadamente compuesta u hoja tripinada, etc.",La hoja imparipinada es una hoja compuesta que tiene un folíolo terminal (y típicamente un número impar de folíolos). La hoja paripinada es una hoja compuesta que no tiene folíolo terminal (y típicamente tiene un número par de folíolos).,¿Cuál es la definición de hoja imparipinada y paripinda?,Spanish
3.0,"La región Báltica es el conjunto de países que colindan, en el norte (orilla norte) y centro (orilla sur) de Europa, con el mar Báltico: Suecia, Noruega y Finlandia al norte; Estonia, Letonia, Lituania y Rusia al este; Polonia, Alemania y Dinamarca al sur. No confundir con los términos países bálticos o estados bálticos, que habitualmente se aplican con exclusividad a Estonia, Letonia y Lituania.","Los países bañados por el mar Báltico son: Suecia, Noruega, Finlandia, Estonia, Letonia, Lituania, Rusia, Polonia, Alemania y Dinamarca.",¿Qué países están bañados por el Báltico?,Spanish
,,,,
1.0,در ظرفیت های بالاتر از 20 مگاوات از گونه‌های دیگ‌بخار لوله آبی (واترتیوب) استفاده می‌شود. در این گونه دیگ‌بخار، آتش لوله‌های آب را احاطه کرده و سبب گرمایش آب و تبخیر آب داخل لوله ها می شود؛ بخار حاصله در محفظه بالایی در نظر گرفته شده جمع شده و به مصرف می رسد.,دیگ ذوب برای تولید بخار استفاده می شود. بخار حاصل از دیگ ذوب برای تولید برق، گرمایش و سایر فرآیندهای صنعتی استفاده می شود.,دیگ ذوب برای چه چیزی استفاده می شود؟,Farsi
2.0,مسیحیت دین غالب در اروپا، روسیه، آمریکا، فیلیپین، تیمور شرقی، جنوب آفریقا، مرکز آفریقا، آفریقای شرقی و اقیانوسیه است. همچنین جوامع بزرگ مسیحی در دیگر نقاط جهان مانند اندونزی، آسیای مرکزی و شرق میانه، که در آن‌ها مسیحیت دومین دین بعد از اسلام است وجود دارد. ایالات متحده آمریکا دارای بزرگترین جمعیت مسیحی در جهان است، پس از آن برزیل و مکزیک قرار دارند. واتیکان تنها کشور جهان است که ۱۰۰ درصد جمعیت آن مسیحی هستند.,دین مسیحیت در اروپا، آمریکا، روسیه، فیلیپین، تیمور شرقی، جنوب آفریقا، مرکز آفریقا، آفریقای شرقی و اقیانوسیه رواج دارد. ایالات متحده آمریکا دارای بزرگترین جمعیت مسیحی در جهان است.,دین مسیحیت در کجا بیشتر رواج دارد؟,Farsi
3.0,"موش آزمایشگاهی گونه‌ای از موش صحرایی قهوه‌ای است که برای تحقیقات علمی پرورش داده می‌شود. موش آزمایشگاهی معمولاْ از گونه \""Mus musculus\"" است. آن‌ها متداول‌ترین مدل تحقیقات پستانداران مورد استفاده هستند و برای تحقیق در زمینه‌های ژنتیک، روانشناسی، پزشکی و سایر رشته‌های علمی مورد استفاده قرار می‌گیرند. موش‌ها متعلق به رده \""Euarchontoglires\"" هستند که انسان نیز از این رده است. این ارتباط نزدیک، همولوژی بالا با انسان، سهولت نگهداری و کار با آن‌ها و میزان تولیدمثل بالا، موش‌ها را مدل‌های مناسبی برای تحقیقات مربوط به انسان قرار می‌دهد. ژنوم موش آزمایشگاهی توالی یابی شده‌است و بسیاری از ژن‌های موش، همولوگ انسانی دارند.",موش‌های آزمایشگاهی به دلیل شباهت‌های زیادی که به انسان دارند، از جمله ژنتیکی، آناتومیکی و فیزیولوژیکی، برای تحقیقات علمی مورد استفاده قرار می‌گیرند. آنها همچنین ارزان، فراوان و آسان‌تر از سایر حیوانات آزمایشگاهی مانند میمون‌ها نگهداری می‌شوند. موش‌های آزمایشگاهی در تحقیقاتی در زمینه‌های ژنتیک، روانشناسی، پزشکی و سایر رشته‌های علمی مورد استفاده قرار می‌گیرند.,چرا از موش در تحقیقات آزمایشگاهی استفاده می شود؟,Farsi
,,,,
1.0,"Paul Klebnikov (, 3. kesäkuuta 1963 New York – 9. heinäkuuta 2004 Moskova) oli venäläistaustainen taloustoimittaja ja kirjailija. Hän työskenteli kymmenen vuotta talouslehti Forbesissa ja julkaisi kaksi kirjaa. Ennen kuolemaansa hän työskenteli talouslehti Forbesin venäläisen version päätoimittajana. Paul Klebnikov murhattiin Moskovassa vuonna 2004.",Paul Klebnikov syntyi 3. kesäkuuta 1963 New Yorkissa. Hän oli venäläistaustainen taloustoimittaja ja kirjailija.,Milloin Paul Klebnikov syntyi?,Finnish
2.0,"Kālidāsa (, ’Kalin palvelija’) oli intialainen runoilija, joka lienee elänyt vuoden 400 paikkeilla Gupta-valtakunnassa. Sanskritiksi kirjoittanutta Kālidāsaa on sanottu Intian klassisen kirjallisuuden merkittävimmäksi hahmoksi. Hänen tunnetuin teoksensa on ""Śakuntalā""-näytelmä; toinen kuuluisa teos on runoelma ""Meghadūta"" (Pilvisanansaattaja). Hänen teoksensa perustuvat hindulaiseen mytologiaan.","Kālidāsan nimi tarkoittaa ""Kalin palvelijaa"". Kali on hindulainen jumalatar, ja Kālidāsa oli hindulainen runoilija. Hänen teoksensa perustuvat hindulaiseen mytologiaan.",Mitä Kālidāsan nimi tarkoittaa?,Finnish
3.0,"Boris Nikolajevitš Jeltsin (, 1. helmikuuta 1931 Butka, Venäjän SFNT, Neuvostoliitto – 23. huhtikuuta 2007 Moskova, Venäjä) oli Venäjän ensimmäinen presidentti vuosina 1991–1999. Jeltsinillä oli myös keskeinen rooli Neuvostoliiton alasajossa, ja hänen presidenttikaudellaan Venäjällä tapahtui suuri joukko uudistuksia kohti markkinataloutta. Uudistusprosessi oli vaikea Neuvostoliiton lakkaamisen jätettyä jälkeensä suuria taloudellisia ja sosiaalisia ongelmia, jotka leimasivat Venäjän koko 1990-lukua. Jeltsinin kaudella syttyi Tšetšenian sota.",Boris Jeltsin kuoli 23. huhtikuuta 2007 Moskovassa. Hän oli 76-vuotias. Jeltsin oli Venäjän ensimmäinen presidentti vuosina 1991–1999. Hänen presidenttikaudellaan Venäjällä tapahtui suuri joukko uudistuksia kohti markkinataloutta.,Milloin Boris Jeltsin kuoli?,Finnish
,,,,
1.0,"Le chat est un animal territorial. Cela signifie que la préservation de son lieu de vie est le moteur principal de ses interactions avec les autres individus. Lorsque plusieurs chats partagent le même appartement, il n’est pas rare de les voir choisir chacun son propre « chemin » pour aller d’un lieu à un autre ; ils se partagent ainsi leur territoire. Le chat n’est pas un animal strictement solitaire : selon l’espace et les ressources disponibles, les chats forment différentes structures spatiales et sociales. Cela va des chats solitaires en milieu rural aux larges et denses groupes en milieu urbain. Il est démontré que ces différentes organisations spatiales et sociales entraînent différents systèmes d’appariement : en milieu rural, le système est polygyne, tandis qu’en milieu urbain, il est difficile pour les mâles dominants de monopoliser plusieurs femelles.","Le chat est un animal territorial, c'est-à-dire qu'il défend son lieu de vie et les ressources qui s'y trouvent. Il n'est pas un animal strictement solitaire, mais il forme différentes structures spatiales et sociales selon l'espace et les ressources disponibles.",Qu’est-ce que c'est un chat?,French
2.0,"Dmitri Mendeleïev publie le premier tableau périodique des éléments en 1869, basé sur des propriétés qui apparaissent avec régularité en fonction de la masse des éléments. Les éléments prédits par Mendeleïev sont un ensemble d'éléments chimiques dont l'existence a été prédite par Dmitri Mendeleïev alors qu'ils n'étaient pas découverts.",Dmitri Mendeleïv a inventé le tableau périodique en 1869. Il a prédit l'existence d'éléments chimiques qui n'avaient pas encore été découverts.,Qui a inventé le tableau périodique?,French
3.0,"Le mouvement social ""Black Lives Matter"" est décentralisé : ses meneuses mettent l'accent sur les structures locales. Alicia Garza le décrit comme une plateforme disponible en ligne dans l'objectif de rassembler les activistes partageant des buts et des valeurs similaires. Ceux-ci doivent s'engager à suivre les principes de l'organisation, mais le mouvement n'a pas de structure centrale ou de hiérarchie. Alicia Garza a ajouté que le mouvement ne s'intéresse pas à mettre ses membres en vedette. En 2016, il existe trente groupes Black Lives Matter dans le monde, principalement aux États-Unis mais aussi au Royaume-Uni, au Canada, en Australie et au Ghana.","Le mouvement Black Lives Matter est un mouvement social décentralisé qui met l'accent sur l'activisme local. Il vise à rassembler les activistes partageant des objectifs et des valeurs similaires, et n'a pas de structure centrale ou de hiérarchie. Le mouvement ne cherche pas à mettre ses membres en vedette.",Quels sont les points principaux du mouvement Black Lives Matter?,French
,,,,
1.0,"Diatessaron adalah sebuah karya dari Tatianus sekitar tahun 150 atau 160. Merupakan hasil upaya Tatianus yang mencoba membuat kumpulan keempat Injil menjadi sebuah cerita yang bersambung.\nDiatessaron disebut juga “Harmoni Injil”. Tatianus adalah seorang berasal dari Siria. Fragmen Diatessaron milik Tatianus ini berhasil ditemukan di Dura-Europos, suatu daerah aliran Sungai Efrat pada tahun 1933. Sulit memastikan apakah Tatianus saat menuliskan karyanya ini menggunakan bahasa Yunani atau Siria. Akan tetapi, tempat penyusunan harmoni Injil karya Tatianus tersebut diduga adalah Roma sehingga kemungkinan besar bahasa aslinya adalah bahasa Yunani.\nKitab ini diberikan Tatianus untuk orang-orang Kristen yang ada di Siria pada waktu ia kembali dari Roma. Ketika diberikan diatessaron sudah dalam bentuk Siria. Diatessaron Siria inilah yang kemudian dianggap resmi untuk digunakan. Diatessaron milik Tatianus tersebar luas di kalangan orang Kristen Siria sampai abad ke-5. Diatessaron kemudian digantikan oleh Peshitta, sebuah versi yang lebih sederhana.","Tatianus adalah seorang Kristen Siria. Dia menulis Diatessaron, sebuah harmoni Injil yang menggabungkan keempat Injil Sinoptik menjadi satu cerita. Diatessaron sangat populer di kalangan orang Kristen Siria sampai abad ke-5, ketika digantikan oleh Peshitta.",Apakah agama Tatianus?,Indonesian
2.0,"Kucing pasir (\""Felis margarita\""), juga dikenal sebagai kucing gundukan pasir, adalah sejenis kucing yang tergolong famili Felidae yang hanya ditemukan terutama di padang pasir sejati, dan memiliki penyaluran yang luas tetapi rupanya terpisah melalui padang pasir Afrika utara dan barat daya dan Asia Tengah. Sejak tahun 2002 ini kucing kecil telah terdaftar sebagai Hampir terancam oleh IUCN karena keprihatinan atas ukuran populasi potensial rendah dan penurunan. Pada tahun 2016, IUCN menurunkan status dari kucing pasir menjadi Risiko Rendah.","Nama ilmiah kucing pasir adalah Felis margarita. Kucing pasir adalah sejenis kucing yang tergolong famili Felidae yang hanya ditemukan terutama di padang pasir sejati, dan memiliki penyaluran yang luas tetapi rupanya terpisah melalui padang pasir Afrika utara dan barat daya dan Asia Tengah.",Apakah nama ilmiah Kucing pasir?,Indonesian
3.0,"Pokémon Emerald adalah sebuah permainan video bermain peran yang dikembangkan oleh Game Freak, diterbitkan oleh The Pokémon Company dan didistribusikan oleh Nintendo untuk konsol permainan video genggam Game Boy Advance. Permainan tersebut pertama kali dirilis di Jepang pada 16 September 2004, dan kemudian dirilis di Amerika Utara, Australia dan Eropa. Permainan tersebut adalah sebuah versi susulan dari \""Pokémon Ruby\"" dan \""Sapphire\"", dan merupakan bagian dari generasi ketiga serial permainan video \""Pokémon\"".","Game Freak mengembangkan video game Pokémon pertama kali. Game tersebut berjudul Pokémon Red dan Green, dan dirilis pada tahun 1996 untuk konsol Game Boy.",Siapa yang mengembangkan video game Pokémon pertama kali ?,Indonesian
,,,,
1.0,ロジャー・フェデラー（Roger Federer 、1981年8月8日 - ）は、スイス・バーゼル出身の男子プロテニス選手。身長185cm、体重85kg。右利き、バックハンド・ストロークは片手打ち。芝コートでは無類の強さを誇り、ツアー通算で176勝。1968年のオープン化以降ではジミー・コナーズを抜いて芝コートでの単独最多勝利者。1世紀を超えるテニス史で築かれた数々の記録を塗り替えてきたことから、史上最高のテニスプレーヤーとの呼び声も高い。,ロジャー・フェデラーは1981年8月8日にスイス・バーゼルで生まれた。,ロジャー・フェデラーはいつ生まれた,Japanese
2.0,ゆたかと伊集院光は同じ荒川区西尾久の生まれで、ゆたかが1学年下である。小・中・高といずれも別の学校であるが、共に師匠の付き人として顔を会わせるようになる。同年代かつ、ゆたかの姉と伊集院は同じ足立新田高校に通っていたことなどから意気投合。1990年に、ニッポン放送の夜ワイド帯番組『三宅裕司のヤングパラダイス』が終了することになり、後番組のパーソナリティ候補の最終選考にゆたか(当時は内海ゆたお)と、オールナイトニッポンを持っていた伊集院が残った。最終的にゆたおが選ばれ『内海ゆたおの夜はドッカーン!』が開始されたが、内海が精神的なプレッシャーのためにやむなく11ヶ月で降板することになり『伊集院光のOh!デカナイト』が開始されることとなった。Oh!デカナイトではゲストとして呼ばれることもあった。\nその後5年たち、Oh!デカナイトが終了して2ヶ月して始まった伊集院光の放課後の王様に、アシスタントとしてゆたおが起用される事になった。さらに後身の伊集院光の怪電波発信基地でも同様にアシスタントを務めた。同郷ということもあり息の合った掛け合いを披露していた。,伊集院光と内海ゆたかは同じ荒川区西尾久の出身で、小学校、中学校、高校は別々の学校に通っていたが、落語家・三遊亭楽太郎の付き人として出会い意気投合した。,伊集院光の出身はどこ,Japanese
3.0,元々は1845年、パリ郊外のイヴリーにジュール・ペリン Jules Perin の手で設立された木工会社であったが、1867年、エコール・ポリテクニーク出身のルイ・フランソワ・ルネ・パナール(Louis François Rene Penhard 1841-1908)が入社。ルネ・パナールは優秀な技術者でペリンの信頼を得、まもなく社名は「ペリン・パナール」になった。,パナールは1845年に木工会社として設立されました。1867年にルネ・パナールが入社し、優秀な技術者としてペリンの信頼を得たことで、社名は「ペリン・パナール」に変更されました。,パナールはいつ設立した？,Japanese
,,,,
1.0,"워싱턴 기념탑(555피트, 약 169.3m)의 높이 이상으로 건축물을 건설하지 못하도록 하여, 뉴욕와 달리 초고층 건물이 드물다. 백악관, 펜타곤, 연방 의사당 등 미국의 주요 정부 기관이 있다. 정식 연방주가 아니므로 상원 의석은 없으나, 표결권이 없는 미국 하원 파견대표 1명 (2019년 현재 민주당의 Eleanor Holmes Norton의원)과 대통령선거인단 3표를 확보하고 있다.","워싱턴 D.C.는 미국의 수도로, 초고층 건물이 드문 도시입니다. 그 이유는 워싱턴 기념탑(555피트, 약 169.3m)의 높이 이상으로 건축물을 건설하지 못하도록 법으로 규제하고 있기 때문입니다.",워싱턴 기념탑은 몇피트인가요?,Korean
2.0,"오대호(五大湖, )는 북아메리카 동북부, 미국과 캐나다의 국경에 있는 다섯 개의 큰 호수를 말한다. 총 표면적이 24만 5,000 평방 킬로미터로 세계에서 가장 규모가 큰 담수계이다. 다섯 호수의 이름은 서쪽에서 동쪽으로 차례대로 다음과 같다.총 유역 면적은 75만 3,919km이며, 남북 길이는 1,110km이고 온타리오 호에서 슈피리어 호에 이르는 동서 길이는 약 1,384km이다. 이 호수들의 물을 모두 합치면 전 세계 담수 공급량의 20%를 차지한다. 슈피리어 호는 5개 호수 중 가장 크다. 슈피리어 호, 휴런 호, 미시간 호는 미칠리매키낵이라는 곳에서 합쳐진다. 휴런 호와 휴런 호의 만인 조지아 만의 물은 세인트클레어 호를 거쳐 이리 호로 빠져나간다. 세인트클레어도 하나의 호수 이지만, 오대호의 하나로 간주될 만큼 크지는 않다. 이리 호로 빠져나간 조지아 만의 물은 나이아가라 폭포를 지나 온타리오 호로 흘러 들어간다.","오대호는 북아메리카 동북부, 미국과 캐나다의 국경에 있는 다섯 개의 큰 호수로, 총 표면적이 24만 5,000 평방 킬로미터로 세계에서 가장 규모가 큰 담수계이다.",오대호의 크기는?,Korean
3.0,"철학적 자연주의의 이론이 처음으로 등장한 것은 이오니아의 소크라테스 이전 철학자들의 글이었다. 특별히 과학의 아버지로 불리는 탈레스가 처음으로 자연현상을 초자연적인 원인을 사용하지 않고 설명했다. 초기 그리스 철학에 대한 조너선 바르네스(Jonathan Barnes)의 소개는 이러한 초기 철학자들을, 자연주의를 미리 예견이라도 한 것처럼 경험적인 원리에 따라 자연을 연구한 사람들로 묘사하고 있다.",철학적 자연주의의 이론이 처음으로 등장한 것은 이오니아의 소크라테스 이전 철학자들의 글이었다.,철학적 자연주의의 이론이 처음으로 등장한 것은 언제인가요?,Korean
,,,,
1.0,"С конца 1980-х годов ядерная программа КНДР стала острой проблемой в международных делах. После того, как США обвинили КНДР в проведении ядерной программы, которое нарушало договор «Agreed Framework» от 1994 года, КНДР, как утверждают, признала существование деятельности по обогащению урана во время приватной встречи с американскими военными представителями. Позже, 10 января 2003 года, КНДР отказалась от договора о нераспространении ядерного оружия. После настойчивых двухсторонних переговоров с США, КНДР согласилась на шестисторонние переговоры с США, Республикой Корея, КНР, Россией и Японией в августе 2003 года. Переговоры продолжались два года, пока не было достигнуто соглашения 19 сентября 2005 года, которое снова оказалось под вопросом из-за проведённых ядерных испытаний в октябре 2006 года. Впоследствии было достигнуто такое же соглашение 13 февраля 2007 года, которое включает нормализацию дипломатических отношения КНДР с США и Японией на условиях, при которых КНДР приостановит работу своего Ядерного научно-исследовательского центра в Йонбёне.""","КНДР отрицает, что обладает ядерным оружием, но в 2006 и 2009 годах страна провела ядерные испытания. В 2003 году КНДР вышла из Договора о нераспространении ядерного оружия. Страна также проводит работы по обогащению урана.",Есть в КНДР ядерное оружие?,Russian
2.0,"Бабушка поэта, Елизавета Алексеевна Арсеньева, страстно любила внука, который в детстве не отличался крепким здоровьем. Энергичная и настойчивая, она прилагала все усилия, чтобы дать ему всё, на что только может претендовать продолжатель рода Лермонтовых. О чувствах и интересах отца она не заботилась.",Елизавета Алексеевна Арсеньева воспитала Михаила Юрьевича Лермонтова.,Кто воспитал Михаи́ла Ю́рьевича Ле́рмонтова?,Russian
3.0,"Далее, в силу ряда случайностей, в тот же день д’Артаньян оскорбляет одного за другим троих опытных мушкетёров\xC2\xA0— друзей Атоса, Портоса и Арамиса\xC2\xA0— и получает от всех троих вызовы на дуэль. Но дуэль, на которую он явился в полдень того же дня, на пустырь за аббатством, была прервана появлением гвардейцев кардинала, которые хотели арестовать четвёрку за нарушение указа о запрете дуэлей. В ответ Д’Артаньян и три его соперника объединились и победили превосходящего противника, став после этого друзьями. Кардинал Ришелье пожаловался на выходки мушкетёров королю Людовику XIII, тот пожурил де Тревиля, но втайне остался горд тем, что у него служат такие люди","Четвёртым мушкетёром в ""Трех мушкетерах"" был д'Артаньян. Он приехал из провинции в Париж, чтобы поступить на службу в королевскую гвардию, но по пути случайно оскорбил троих опытных мушкетёров - Атоса, Портоса и Арамиса. Получив от них вызовы на дуэль, д'Артаньян в итоге подружился с ними и вместе они стали одними из самых известных мушкетёров Франции.","Как звали четвертого мушкетера в ""Трех мушкетерах""?",Russian
,,,,
1.0,"Mchezo wa kwanza wa mfululizo StarCraft ulitolewa kwa Microsoft Windows tarehe 31 Machi 1998. Na zaidi ya nakala milioni 11 kuuzwa duniani kote kufikia Februari 2009, ni moja ya michezo bora kwa kuuza inayotumika kwenye kompyuta binafsi. Nakala inayotumika kwenye Mac OS ilitolewa Machi 1999",Mchezo wa StarCraft ulianzishwa na Blizzard Entertainment mnamo Machi 1998.,"Je,nani mwanzilishi wa mchezo wa StarCraft?",Swahili
2.0,"Tedesco alizaliwa mjini Buenos Aires katika mwaka wa 1944. Alisoma katika Chuo Kikuu cha Buenos Aires,akafuzu na shahada ya digrii ya Falsafa katika mwaka wa 1968. Alifunza kama Profesa wa Elimu ya Historia katika Vyuo vikuu vya La Plata,El Comahue na La Pampa kabla ya kuandika kitabu chake cha kwanza ,\""Education and Society in Argentina, 1800 - 1945\"" katika mwaka wa 1972.","Juan Carlos Tedesco alisomea katika Chuo Kikuu cha Buenos Aires. Alisoma Falsafa na alipohitimu alifundisha Historia ya Elimu katika Vyuo vikuu vya La Plata, El Comahue na La Pampa.","Je,Juan Carlos Tedesco alisomea katika chuo kikuu gani?",Swahili
3.0,Jike la sungura wa Kizungu huwa hawatoi mayai mpaka baada ya kupandwa. Uterasi yao imegawanyika sehemu mbili hivyo kupandana kunaweza kuhusisha matendo kadhaa ambayo yaweza kusababisha mimba kadhaa kutoka kwa madume tofauti. Dume la sungura huwa hawawezi kutoa shahawa wakati wa joto la kiangazi (majira ya joto).\nSungura jike hubeba mimba kwa siku 30 mpaka 32 na kuzaa watoto 12 – 13. Wakati mwingine huweza kufikisha watoto 18.,"Jike la sungura wa Kizungu hubeba mimba kwa siku 30 mpaka 32. Mimba moja inaweza kuwa na watoto 12 – 13, lakini wakati mwingine inaweza kuwa na watoto 18.",Sungura hubeba mimba kwa miezi ngapi?,Swahili
,,,,
1.0,"ఈ భవన నిర్మాణం నవంబరు 2008లో ప్రారంభమై ఆగష్టు 2013 నాటికి పూర్తయింది. భవన వెలుపలి పనులు 2015 వేసవి నాటికి పూర్తయినా, సెప్టెంబరు 2015 నాటికి పూర్తయిన విధంగా భావించారు. భవనాన్ని వాస్తవానికి నవంబర్ 2014 లో ప్రజలకు తెరవాలని నిర్ణయించుకున్నప్పటికీ, నిర్మాణ కారణాలతో అది ఆలస్యమైంది. జూలై 2016 లో సందర్శకులకు పరిశీలన కేంద్రాన్ని తెరిచారు; జూలై నుంచి సెప్టెంబరు 2016 వరకూ ""టెస్ట్ రన్"" లేదా ""కమిషన్యింగ్"" కాల వ్యవధిగా పేర్కొనబడింది. ఏప్రిల్ 26, 2017 నాటికి, 118 వ అంతస్తులో ఉన్న సందర్శనా కేంద్రం ప్రజలకు తెరవబడింది.","షాంఘై టవరు నిర్మాణం నవంబర్ 2008 లో ప్రారంభమై ఆగష్టు 2013 లో పూర్తయింది. భవన వెలుపలి పనులు 2015 వేసవి నాటికి పూర్తయినప్పటికీ, సందర్శనా కేంద్రం ఏప్రిల్ 26, 2017 నాటికి ప్రజలకు తెరవబడింది.",షాంఘై టవరు కట్టడం ఎప్పుడు పూర్తయింది ?,Telugu
2.0,"వరగాణి, గుంటూరు జిల్లా, పెదనందిపాడు మండలానికి చెందిన గ్రామము. ఇది మండల కేంద్రమైన పెదనందిపాడు నుండి 2 కి. మీ. దూరం లోను, సమీప పట్టణమైన గుంటూరు నుండి 28 కి. మీ. దూరంలోనూ ఉంది. 2011 భారత జనగణన గణాంకాల ప్రకారం ఈ గ్రామం 1122 ఇళ్లతో, 3874 జనాభాతో 1892 హెక్టార్లలో విస్తరించి ఉంది. గ్రామంలో మగవారి సంఖ్య 1864, ఆడవారి సంఖ్య 2010. షెడ్యూల్డ్ కులాల సంఖ్య 1172 కాగా షెడ్యూల్డ్ తెగల సంఖ్య 181. గ్రామం యొక్క జనగణన లొకేషన్ కోడ్ 590340.పిన్ కోడ్: 522235. ఎస్.టి.డి.కోడ్ = 0863.","2011 జనగణన ప్రకారం వరగాణి గ్రామములో 1122 ఇళ్లులు ఉన్నాయి. ఈ గ్రామం 1892 హెక్టార్లలో విస్తరించి ఉంది. గ్రామంలో మొత్తం 3874 జనాభా ఉండగా, అందులో 1864 మంది మగవారు మరియు 2010 మంది ఆడవారు ఉన్నారు. షెడ్యూల్డ్ కులాల జనాభా 1172 కాగా, షెడ్యూల్డ్ తెగల జనాభా 181.",2011 జనగణన ప్రకారం వరగాణి గ్రామములో ఎన్ని ఇళ్లులు ఉన్నాయి?,Telugu
3.0,"పెనెలోప్ క్రజ్ (Penélope Cruz) అనే పేరుతో కీర్తి గడించిన పెనెలోప్ క్రజ్ సాంచెజ్ (జననం 1974 ఏప్రిల్ 28) ఒక స్పానిష్ నటి. 15 సంవత్సరాల వయస్సులో, ఆమె ఒక ఏజెంట్‌కు సంతకం చేసింది. ఆమె మొట్టమొదటిగా 16 సంవత్సరాల వయస్సులో టెలివిజన్‌లో కనిపించింది మరియు తర్వాత సంవత్సరంలోని ""జామూన్, జామూన్"" (1992) చలన చిత్రం ద్వారా చిత్ర రంగంలోకి ప్రవేశించి, ప్రశంసలను అందుకుంది. 1990లు మరియు 2000ల్లో ఆమె తన తదుపరి పాత్రలను ""ఓపెన్ యువర్ ఐస్"" (1997), ""ది హి-లో కంట్రీ"" (1999), ""ది గర్ల్ ఆఫ్ యువర్ డ్రీమ్స్"" (2000) మరియు ""ఉమెన్ ఆన్ టాప్"" (2000)ల్లో చేసింది. క్రజ్ ""వెనిల్లా స్కై"" మరియు ""బ్లో"" చలన చిత్రాల్లో పోషించిన ప్రధాన పాత్రలతో గుర్తింపు పొందింది. రెండు చలన చిత్రాలు 2001లో విడుదలయ్యాయి మరియు ప్రపంచవ్యాప్తంగా వాణిజ్యపరంగా మంచి విజయం సాధించాయి.","పెనెలోప్ క్రజ్ తన మొదటి చిత్రం ""జామూన్, జామూన్"" (1992)లో నటించింది. ఆమె 16 సంవత్సరాల వయస్సులో ఈ చిత్రంలో నటించింది. ఈ చిత్రం ద్వారా ఆమెకు మంచి పేరు వచ్చింది.",పెనెలోప్ క్రజ్ నటించిన మొదటి చిత్రం ఏది?,Telugu
,,,,
,โรว์ลิงมีน้องสาวหนึ่งคนชื่อว่าไดแอนน์ เกิดให้หลังเธอ 23 เดือน เมื่อโรว์ลิงอายุสี่ขวบ ครอบครัวของเธอย้ายไปอยู่ที่วินเทอร์บอร์น ซึ่งเป็นหมู่บ้านละแวกใกล้เคียง เธอเข้าเรียนในระดับประถมศึกษาที่โรงเรียนเซนต์ไมเคิล ที่ก่อตั้งโดยวิลเลียม วิลเบอร์ฟอร์ซ นักการเมืองผู้เรียกร้องให้เกิดการเลิกทาสในอังกฤษและฮันนาห์ มอร์ นักปฏิรูปการศึกษาของอังกฤษ อัลเฟรด ดันท์ ครูใหญ่ที่โรงเรียนแห่งนี้ภายหลังได้กลายมาเป็นแรงบันดาลใจให้เธอสร้างตัวละครอัลบัส ดัมเบิลดอร์ ในแฮร์รี่ พอตเตอร์ขึ้น,เจ.เค. โรว์ลิ่ง มีพี่น้องหนึ่งคนคือ ไดแอนน์ เกิดให้หลังเธอ 23 เดือน,เจ.เค. โรว์ลิ่ง มีพี่น้องกี่คน?,Thai
,"อาณาจักรอาหม (; \""อาโหมะ ราชยะ\""; ) บ้างเรียก อาณาจักรอัสสัม (Kingdom of Assam) มีชื่อในภาษาอาหมว่า เมืองถ้วนสวนคำ หรือ เมืองนุนสุนคำ (Mioung Dun Sun Kham) ไทใหญ่เรียกว่า เวสาลีโหลง เป็นรัฐรุ่นเดียวกับอาณาจักรสุโขทัย เริ่มต้นเมื่อ พ.ศ. 1771 นำโดยเจ้าหลวงเสือก่าฟ้า ปฐมกษัตริย์ หลังจากที่ต้องอพยพเดินทางทั้งยังทำการต่อสู้และย้ายถิ่นตลอด 38 ปี จึงได้วางรากฐานอาณาจักรอาหม โดยตั้งราชธานีที่เจ้รายดอย (หรือ จรวยเทพ) ในช่วงแรกที่ได้ตั้งอาณาจักรอาหมขึ้นมีการต่อสู้กับชนชาวเขาเผ่าต่าง ๆ ซึ่งเป็นชนพื้นเมือง",อาณาจักรอาหม ก่อตั้งขึ้นในปี พ.ศ. 1771 โดยเจ้าหลวงเสือก่าฟ้า ปฐมกษัตริย์ อาณาจักรอาหมตั้งอยู่ในรัฐอัสสัม ประเทศอินเดียในปัจจุบัน อาณาจักรอาหมเคยเป็นอาณาจักรที่ยิ่งใหญ่และเจริญรุ่งเรือง มีอาณาเขตกว้างใหญ่ไพศาล ปกครองโดยกษัตริย์หลายพระองค์ อาณาจักรอาหมล่มสลายลงในปี พ.ศ. 2369 ภายหลังจากที่ตกเป็นเมืองขึ้นของอังกฤษ,อาณาจักรอาหม ก่อตั้งขึ้นเมื่อไหร่?,Thai
,"จอมพล จอร์จ วอชิงตัน (, 22 กุมภาพันธ์ ค.ศ. 1732 – 14 ธันวาคม ค.ศ. 1799) เป็นผู้นำทางทหารและการเมืองที่โดดเด่นของสหรัฐอเมริกาที่เพิ่งก่อตั้งขึ้น ระหว่าง ค.ศ. 1775 ถึง 1799 เขานำสหรัฐจนได้รับชัยชนะเหนือบริเตนใหญ่ในสงครามปฏิวัติอเมริกัน ในฐานะผู้บัญชาการทหารสูงสุดของกองทัพภาคพื้นทวีปใน ค.ศ.1775-1783 และรับผิดชอบการร่างรัฐธรรมนูญใน ค.ศ. 1787 เขาดำรงตำแหน่งประธานาธิบดีคนแรกของสหรัฐอเมริกา ดำรงตำแหน่ง ค.ศ. 1789-1797 วอชิงตันเป็นผู้นำการสร้างรัฐบาลแห่งชาติที่เข้มแข็งและมีการคลังที่ดี ซึ่งวางตนเป็นกลางในสงครามที่ปะทุขึ้นในยุโรป ปราบปรามกบฏและได้รับการยอมรับจากชนอเมริกันทุกประเภท รูปแบบความเป็นผู้นำของเขาได้กลายมาเป็นระเบียบพิธีของรัฐบาลซึ่งปฏิบัติสืบต่อกันมานับแต่นั้น อาทิ การใช้ระบบคณะรัฐมนตรีและการปราศรัยในโอกาสเข้ารับตำแหน่งประธานาธิบดีอย่างเป็นทางการ วอชิงตันได้รับการยกย่องทั่วไปว่าเป็น \""บิดาแห่งประเทศของเขา\"" ด้วย",จอร์จ วอชิงตัน ดำรงตำแหน่งประธานาธิบดีคนแรกของสหรัฐอเมริกา ระหว่าง ค.ศ. 1789-1797,ประธานาธิบดีของประเทศสหรัฐอเมริกาคนแรกชื่ออะไร ?,Thai
,,,,
1.0,"Nelson Rolihlahla Mandela (; Ọjọ́ Kejìdínlógún Oṣù Keje Ọdún 1918 - Ọjọ́ Karùn-ún Oṣù Kejìlá Ọdún 2013) jẹ́ Ààrẹ Gúúsù Áfíríkà láti ọdún 1994 títí di ọdún 1999, bẹ́ẹ̀ sì ni òun ni Ààrẹ Gúúsù Áfírík[s àkọ́kọ́ tó jẹ́ ẹni àdìbòyàn nínú ìdìbò-yani tòṣèlú ará ìlú aṣojú yanyan. Kí ó tó di Ààrẹ, Mandela jẹ́ alákitiyan olódì-apartheid, ati olórí Umkhonto we Sizwe, apa adigun Ìgbìmọ̀ Aṣòfin Ọmọ Orílẹ̀-èdè Áfíríkà (ANC). Lọ́dún 1962 ó di ẹni afofinmu won si da lebi ika ote ati awon ẹ̀sùn mìíràn, wọ́n sì rán an lẹ́wọ̀n gbere. Mandela lo ọdún mẹ́tàdínlọ́gbọ̀n (27) ní ẹ̀wọ̀n, ó lo ọ̀pọ̀ ọdún yìí ní Robben Island. Lẹ́yìn jijowo rẹ̀ kúrò lọ́gbà ẹ̀wọ̀n ní ọjọ́ 11 oṣù kejì ọdún 1990. Mandela ṣiwájú ẹgbẹ́ òṣèlú rẹ̀ nínú àwọn iforojomitorooro tó fa òṣèlú àwaarawa ti gbogbo eya ti o waye ni odun 1994, tó sì di Ààrẹ orílẹ̀ èdè Gúúsù Áfíríkà láti ọdún 1994 títí di 1999. O si ṣokùnfà ìfọwọ́sowọ́pọ̀ ní Gúúsù Afrika, Bákan náà ni a tún mọ Mandela sí \""Madiba\"", oyè ẹ̀yẹ tí àwọn Alágbà ìdílé Mandela ń lo.",Ọdun 27 ni Nelson Mandela lo ninu tubu. O wa ni ẹ̀wọ̀n lati ọdún 1962 si 1990. O di Ààrẹ Gúúsù Áfíríkà láti ọdún 1994 sí 1999.,Ọdun melo ni Nelson Mandela lo ninu tubu?,Yoruba
2.0,"Hílíọ̀mù, Hélíọ̀m, tabi Helium (, ) ni ẹ́límẹ̀ntì kẹ́míkà tó ní nọ́mbà átọ́mù 2 àti iwuwo atomu to je 4.002602, àmì ìdámọ̀ rẹ̀ ni He. O je efuufu oniatomukan, alaigbera, aláìláwọ̀, alailoorun, alainitowo, ati alailewu to siwaju ẹgbẹ́ ẹ̀fúùfù abíire ninu tabili asiko. Awon ojuami ìhó àti ìyọ́ rẹ̀ je awon ti won kerejulo larin awon ẹ́límẹ̀ntì, o si wa pere gege bi efuufu ayafi nigba to ba wa nipo lounloun. Leyin hydrogen, ohun ni elimenti keji to pojulo ni agbalaaye, o si je bi 24% gbogbo akojo elimenti ninu galaksi wa.","Helium ni ẹ́límẹ̀ntì keji to pojulo ni agbalaaye, o si je bi 24% gbogbo akojo elimenti ninu galaksi wa.",Ohun ti ọrọ ni keji julọ lọpọlọpọ ano ni Agbaye lẹhin hydrogen?,Yoruba
3.0,"won bi Oloye Wahab (Abdulwahab) Iyanda Folawiyo ni June 16, 1928 , o ku ni  June 6, 2008. o je onisowo omo orile ede Naijiria ti o si je oluran-lowo fun awon eniyan. Ni odun 1957, O da ile ise Yinka Folawiyo & Sons kale, eyi ti  o je ipile fun awon ogooro ile ise ree to ku. Won bi iyanda Wahab Folawiyo ni ipinle Eko si idile Pa Tijani, eni ti o je onisowo pelu, lasiko ijoba amunisin (British colonial era). O lo si ile eko agba ti University of North London ni odun 1951, nibi ti o ti gba oye imo nipa eto imojuto ile ise (Management), ti o si duro lori (Ship Brokerage). O pada sile lati bere ile ise Yinka Folawiyo & Sons, ti o da lori rira lati ati tita oja si oke Okun  (import and export business). Folawiyo tun je eni akoko ti fun Baltic Exchange in London.","Oloye Wahab Folawiyo lo yunifasiti ni odun 1951. O lo si ile eko agba ti University of North London ni odun yii, nibi ti o ti gba oye imo nipa eto imojuto ile ise (Management), ti o si duro lori (Ship Brokerage)",Wahab Folawiyo nigba wo ni yunifasiti?,Yoruba
,,,,
1.0,四川各地小吃通常也被看作是川菜的组成部分。由于重庆地区小吃相对较少，除重庆麻辣小面外，川菜小吃主要以成都小吃为主。 主要有担担面、川北凉粉、麻辣小面、酸辣麵、 酸辣粉、叶儿粑、酸辣豆花、三合泥、红油抄手等以及用创始人姓氏命名的赖汤圆、龙抄手、钟水饺、吴抄手等。 甜品方面，以原产四川眉山的冰粉和四川宜宾长宁县的凉糕最有名。,四川美食种类繁多，小吃也非常有名，主要有担担面、川北凉粉、麻辣小面、酸辣粉、叶儿粑、酸辣豆花、三合泥、红油抄手、赖汤圆、龙抄手、钟水饺、吴抄手等。甜品方面，以原产四川眉山的冰粉和四川宜宾长宁县的凉糕最有名。,四川美食有哪些？,Chinese
2.0,"獅子座流星雨 (Leonids[ˈli.əˌnɪdz] \""lee-uhnids\"")是與周期大約33年的坦普爾·塔特爾彗星有關的一個流星雨。獅子座流星雨的得名是因為這個流星雨輻射點的位置在獅子座。在2009年，這個流星雨的尖峰時間在11月17日（世界時），每小時的數量可能高達500顆，尚不足以成為流星暴（每小時超過1,000顆流星的大流星雨）。",上一次狮子座流星雨发生在2009年11月17日。狮子座流星雨是与周期大约33年的坦普尔·塔特尔彗星有关的一个流星雨。狮子座流星雨的得名是因为这个流星雨辐射点的位置在狮子座。,上一次狮子座流星雨发生在什么时间？,Chinese
3.0,清华大学（，縮寫：），简称清华，舊称清华学堂、游美肄业馆、清华学校、國立清華大學，是一所位于中华人民共和国北京市海淀区清华园的公立大学。始建于1911年，因北京西北郊清华园而得名。初为清政府利用美国退还的部分庚子赔款所建留美预备学校“遊美学务处”及附设“肄业馆”，於1925年始设大学部。抗日战争爆发后，清华与北大、南开南迁长沙，组建国立长沙临时大学。1938年再迁昆明，易名国立西南联合大学。1946年迁回清华园复校，拥有文、法、理、工、农等5个学院。1949年中华人民共和国成立后，国立清华大学归属中央人民政府教育部，更名“清华大学”；而原国立清华大学校长梅貽琦于1955年在台湾新竹复校，仍沿用原名。,清华大学始建于1911年，因北京西北郊清华园而得名。初为清政府利用美国退还的部分庚子赔款所建留美预备学校“遊美学务处”及附设“肄业馆”。,清华大学什么时候成立的？,Chinese
